{"cameraMode":{"drawMode":0,"name":"Shaded","section":"Shading Mode"},"sceneLighting":true,"audioPlay":false,"sceneViewState":{"m_AlwaysRefresh":false,"showFog":true,"showSkybox":true,"showFlares":true,"showImageEffects":true,"showParticleSystems":true,"showVisualEffectGraphs":true,"m_FxEnabled":true},"in2DMode":false,"pivot":{"x":5.960464477539063e-8,"y":1.7400000095367432,"z":5.960464477539063e-8},"rotation":{"x":-0.40549615025520327,"y":0.17537321150302888,"z":-0.07958244532346726,"w":-0.8935796022415161},"size":11.850262641906739,"orthographic":false}