{"cameraMode":{"drawMode":0,"name":"Shaded","section":"Shading Mode"},"sceneLighting":true,"audioPlay":false,"sceneViewState":{"m_AlwaysRefresh":false,"showFog":true,"showSkybox":true,"showFlares":true,"showImageEffects":true,"showParticleSystems":true,"showVisualEffectGraphs":true,"m_FxEnabled":true},"in2DMode":false,"pivot":{"x":1.3016011714935303,"y":1.3052754402160645,"z":0.5729124546051025},"rotation":{"x":-0.08723697066307068,"y":0.9014008641242981,"z":-0.2151588797569275,"w":-0.3654763698577881},"size":0.9354055523872376,"orthographic":false}